id;user_name;dob;role;location;about_me
1;mobile Fish;2019-06-23;Savings Account Dam;Practical Fresh Pants;Metal deposit
2;Producer;2019-06-23;red Chips Soap;Home Loan Account;web-readiness
3;Namibia;2019-06-24;Gorgeous Frozen Pants;Common;Savings Account syndicate Planner
4;Refined Rubber Chicken Table;2019-06-24;Factors;South Dakota envisioneer Music;Nakfa
5;Bahamian Dollar Investment Account;2019-06-23;Salad;Digitized invoice;convergence
6;Mayotte;2019-06-24;Facilitator;Views e-enable Communications;National Awesome sky blue
7;Tactics;2019-06-23;compress South Georgia and the South Sandwich Islands;compelling mission-critical;bifurcated scalable
8;Small;2019-06-23;index orange;Jewelery;monitor
9;1080p Checking Account Identity;2019-06-23;Internal;Investment Account archive Fantastic Plastic Chicken;payment
10;withdrawal COM;2019-06-24;Frozen bus;hard drive Robust Networked;Poland
